{
    "saturate": {
        "severity_1": {
            "top1": 95.6,
            "top5": 99.64,
            "loss": 0.2160433940410614
        },
        "severity_2": {
            "top1": 93.62,
            "top5": 99.18,
            "loss": 0.292972318649292
        },
        "severity_3": {
            "top1": 97.36,
            "top5": 99.88,
            "loss": 0.15701964967250823
        },
        "severity_4": {
            "top1": 95.58,
            "top5": 99.68,
            "loss": 0.2226889808177948
        },
        "severity_5": {
            "top1": 91.9,
            "top5": 99.06,
            "loss": 0.34804324169158934
        }
    }
}